<wex-definition>
    <meta>
        <group-id>${groupId}</group-id>      
        <artifact-id>${artifactId}</artifact-id>      
        <display-name>Example - Listener</display-name>
        <system>false</system> 
        <description>Extension listener example</description>  
    </meta>
    <build>
        <version>
            <major>${major}</major>
            <minor>${minor}</minor>
            <beta>${beta}</beta>
        </version>
        <host>
            <release>${wex.wt}</release>
        </host>
    </build> 
</wex-definition>